{"cameraMode":{"drawMode":0,"name":"Shaded","section":"Shading Mode"},"sceneLighting":true,"audioPlay":false,"sceneViewState":{"showFog":false,"showMaterialUpdate":false,"showSkybox":false,"showFlares":false,"showImageEffects":false,"showParticleSystems":false},"in2DMode":false,"pivot":{"x":9.422825813293457,"y":-6.144108772277832,"z":5.222014427185059},"rotation":{"x":0.2246963083744049,"y":0.7650846242904663,"z":-0.4920153319835663,"w":0.3494013249874115},"size":18.193376541137697,"orthographic":false}