{"cameraMode":{"drawMode":0,"name":"Shaded","section":"Shading Mode"},"sceneLighting":true,"audioPlay":false,"sceneViewState":{"showFog":false,"showMaterialUpdate":false,"showSkybox":false,"showFlares":false,"showImageEffects":false,"showParticleSystems":false},"in2DMode":false,"pivot":{"x":18.234294891357423,"y":-12.166379928588868,"z":6.538749694824219},"rotation":{"x":0.1595204472541809,"y":0.8195884823799133,"z":-0.2738734185695648,"w":0.477346271276474},"size":17.837018966674806,"orthographic":false}