{"cameraMode":{"drawMode":0,"name":"Shaded","section":"Shading Mode"},"sceneLighting":true,"audioPlay":false,"sceneViewState":{"showFog":false,"showMaterialUpdate":false,"showSkybox":false,"showFlares":false,"showImageEffects":false,"showParticleSystems":false},"in2DMode":false,"pivot":{"x":9.497055053710938,"y":-2.091014862060547,"z":15.926305770874024},"rotation":{"x":-0.11434008181095123,"y":-0.806571900844574,"z":0.16547136008739472,"w":-0.5559887886047363},"size":14.385732650756836,"orthographic":true}