{"cameraMode":{"drawMode":0,"name":"Shaded","section":"Shading Mode"},"sceneLighting":true,"audioPlay":false,"sceneViewState":{"showFog":false,"showMaterialUpdate":false,"showSkybox":false,"showFlares":false,"showImageEffects":false,"showParticleSystems":false},"in2DMode":false,"pivot":{"x":11.084246635437012,"y":-2.965127944946289,"z":15.965812683105469},"rotation":{"x":0.29483211040496828,"y":0.6924501657485962,"z":-0.37918058037757876,"w":0.5383919477462769},"size":16.5872859954834,"orthographic":false}